{
  "$schema": "https://schema.management.azure.com/schemas/2015-01-01/deploymentTemplate.json#",
  "contentVersion": "1.0.0.0",
  "parameters": {
    "environment": {
      "type": "string",
      "minLength": 2
    },
    "resourceGroupName": {
      "type": "string"
    },
    "_artifactsLocation": {
      "type": "string"
    },
    "_artifactsLocationSasToken": {
      "type": "securestring"
    },
    "locationCode": {
      "type": "string"
    }
  },
  "variables": {
    "templatesRoot": "/templates",
    "bccShort": "fbaudi",
    "appShort": "d365di",
    "conventions": {
      "locationCode": "[parameters('locationCode')]",
      "environment": "[parameters('environment')]",
      "resourceGroupName": "[parameters('resourceGroupName')]",
      "baseName": "[concat(variables('bccshort'), '-', parameters('environment'))]",
      "bccShort": "[variables('bccShort')]",
      "appShort": "[variables('appShort')]",
      "apiVersions": {
        "resources": "2018-05-01",
        "serviceBus": "2017-04-01",
        "web": "2019-08-01",
        "storage": "2019-06-01",
        "appInsights": "2015-05-01",
        "keyVault": "2018-02-14",
        "apim": "2019-01-01",
        "logAnalytics": {
          "workspaces": "2017-03-15-preview",
          "diagnosticSettings": "2017-05-01-preview"
        },
        "eventGrid": "2020-04-01-preview"
      }
    },
    "templates": {
      "function": "function-app",
      "appinsights": "app-insights",
      "loganalytics": "log-analytics"
    },
    "resourceNames": {
      "storage": "[concat(variables('bccShort'), parameters('environment'), 'sa', parameters('locationCode'), variables('appShort'))]",
      "servicePlan": "[concat(variables('bccShort'), '-', parameters('environment'), '-asp', '-', parameters('locationCode'), '-', variables('appShort'))]",
      "function": "[concat(variables('bccShort'), '-', parameters('environment'), '-fa', '-', parameters('locationCode'), '-', variables('appShort'))]",
      "coreKeyVault": "[concat(variables('bccshort'), '-', parameters('environment'), '-', 'kv', '-', parameters('locationCode'))]",
      "coreRG": "[parameters('resourceGroupName')]"
    }
  },
  "resources": [
    {
      "type": "Microsoft.Storage/storageAccounts",
      "name": "[variables('resourceNames').storage]",
      "apiVersion": "[variables('conventions').apiVersions.storage]",
      "location": "[resourceGroup().location]",
      "tags": {
        "displayName": "[variables('resourceNames').storage]"
      },
      "sku": {
        "name": "Standard_LRS"
      },
      "kind": "StorageV2",
      "properties": {
        "accessTier": "Hot"
      }
    },
    {
      "type": "Microsoft.Web/serverFarms",
      "name": "[variables('resourceNames').servicePlan]",
      "apiVersion": "[variables('conventions').apiVersions.web]",
      "location": "[resourceGroup().location]",
      "tags": {
        "displayName": "[variables('resourceNames').servicePlan]",
        "Environment": "[variables('conventions').environment]"
      },
      "kind": "functionapp",
      "sku": {
        "name": "Y1",
        "tier": "Dynamic",
        "size": "Y1",
        "family": "Y",
        "capacity": 0
      }
    },
    {
      "name": "[variables('templates').function]",
      "type": "Microsoft.Resources/deployments",
      "apiVersion": "[variables('conventions').apiVersions.resources]",
      "dependsOn": [
        "[resourceId('Microsoft.Storage/storageAccounts', variables('resourceNames').storage)]",
        "[resourceId('Microsoft.Web/serverFarms', variables('resourceNames').servicePlan)]"
      ],
      "properties": {
        "mode": "Incremental",
        "templateLink": {
          "uri": "[concat(parameters('_artifactsLocation'), variables('templatesRoot'), '/functionapp.json', parameters('_artifactsLocationSasToken'))]",
          "contentVersion": "1.0.0.0"
        },
        "parameters": {
          "conventions": {
            "value": "[variables('conventions')]"
          },
          "resourceNames": {
            "value": "[variables('resourceNames')]"
          },
          "_artifactsLocation": {
            "value": "[parameters('_artifactsLocation')]"
          },
          "_artifactsLocationSasToken": {
            "value": "[parameters('_artifactsLocationSasToken')]"
          }
        }
      }
    },
    {
      "name": "[variables('templates').appInsights]",
      "type": "Microsoft.Resources/deployments",
      "apiVersion": "[variables('conventions').apiVersions.resources]",
      "dependsOn": [
      ],
      "properties": {
        "mode": "Incremental",
        "templateLink": {
          "uri": "[concat(parameters('_artifactsLocation'), variables('templatesRoot'), '/appinsights.json', parameters('_artifactsLocationSasToken'))]",
          "contentVersion": "1.0.0.0"
        },
        "parameters": {
          "conventions": {
            "value": "[variables('conventions')]"
          }
        }
      }
    },
    {
      "name": "[variables('templates').logAnalytics]",
      "type": "Microsoft.Resources/deployments",
      "apiVersion": "[variables('conventions').apiVersions.resources]",
      "dependsOn": [
      ],
      "properties": {
        "mode": "Incremental",
        "templateLink": {
          "uri": "[concat(parameters('_artifactsLocation'), variables('templatesRoot'), '/loganalytics.json', parameters('_artifactsLocationSasToken'))]",
          "contentVersion": "1.0.0.0"
        },
        "parameters": {
          "conventions": {
            "value": "[variables('conventions')]"
          }
        }
      }
    }
  ],
  "outputs": {
    "functionHostName": {
      "type": "string",
      "value": "[reference(variables('templates').function).outputs.functionHostName.value]"
    }
  }
}
