{
  "$schema": "https://schema.management.azure.com/schemas/2019-04-01/deploymentTemplate.json#",
  "contentVersion": "1.0.0.0",
  "parameters": {
    "conventions": {
      "type": "object"
    }
  },
  "variables": {
    "name": "[concat(parameters('conventions').baseName, '-appi', '-', parameters('conventions').locationCode, '-dealerintegration')]"
  },
  "resources": [
    {
      "type": "Microsoft.Insights/components",
      "name": "[variables('name')]",
      "apiVersion": "[parameters('conventions').apiVersions.appInsights]",
      "location": "[resourceGroup().location]",
      "tags": {
        "displayName": "[variables('name')]",
        "Environment": "[parameters('conventions').environment]"
      },
      "properties": {
        "application_type": "web",
        "applicationId": "[variables('name')]"
      }
    }
  ],
  "outputs": {
  }
}