{
  "$schema": "https://schema.management.azure.com/schemas/2015-01-01/deploymentTemplate.json#",
  "contentVersion": "1.0.0.0",
  "parameters": {
    "conventions": {
      "type": "object"
    },
    "resourceNames": {
      "type": "object"
    },
    "_artifactsLocation": {
      "type": "string"
    },
    "_artifactsLocationSasToken": {
      "type": "securestring"
    }
  },
  "variables": {
    "functionName": "[concat(parameters('conventions').bccShort, '-', parameters('conventions').environment, '-fa', '-', parameters('conventions').locationCode, '-', parameters('conventions').appName)]",
    "storageName": "[concat(parameters('conventions').bccShort, parameters('conventions').environment, 'sa', parameters('conventions').locationCode, parameters('conventions').appName)]"
  },
  "resources": [
    {
      "type": "Microsoft.Web/Sites",
      "name": "[variables('functionName')]",
      "apiVersion": "[parameters('conventions').apiVersions.web]",
      "location": "[resourceGroup().location]",
      "tags": {
        "displayName": "[parameters('resourceNames').proxyFunction]",
        "Environment": "[parameters('conventions').environment]"
      },
      "kind": "functionapp",
      "properties": {
        "name": "[variables('functionName')]",
        "serverFarmId": "[resourceId('Microsoft.Web/serverfarms/', parameters('resourceNames').servicePlan)]",
        "siteConfig": {
          "appSettings": [
            {
              "name": "AzureWebJobsStorage",
              "value": "[concat('DefaultEndpointsProtocol=https;AccountName=', variables('storageName'), ';AccountKey=', listKeys(resourceId('Microsoft.Storage/storageAccounts', variables('storageName')), parameters('conventions').apiVersions.storage).keys[0].value)]"
            },
            {
              "name": "FUNCTIONS_EXTENSION_VERSION",
              "value": "~4"
            },
            {
              "name": "FUNCTIONS_WORKER_RUNTIME",
              "value": "dotnet"
            },
            {
              "name": "WEBSITE_CONTENTAZUREFILECONNECTIONSTRING",
              "value": "[concat('DefaultEndpointsProtocol=https;AccountName=',variables('storageName'),';AccountKey=',listKeys(resourceId('Microsoft.Storage/storageAccounts', variables('storageName')), parameters('conventions').apiVersions.storage).keys[0].value)]"
            },            
            {
              "name": "MSDEPLOY_RENAME_LOCKED_FILES",
              "value": "1"
            }
          ]
        }
      },
      "resources": [
        {
          "name": "MSDeploy",
          "type": "extensions",
          "location": "[resourceGroup().location]",
          "apiVersion": "2018-11-01",
          "dependsOn": [
            "[resourceId('Microsoft.Web/sites/', variables('functionName'))]"
          ],
          "tags": {
            "displayName": "WebDeploy"
          },
          "properties": {
            "packageUri": "[concat(parameters('_artifactsLocation'), '/Velrada.Integration.D365.Proxy/package.zip', parameters('_artifactsLocationSasToken'))]",
            "dbType": "None",
            "setParameters": {
              "IIS Web Application Name": "[variables('functionName')]"
            }
          }
        }
      ]
    }
  ],
  "outputs": {
    "functionHostName": {
      "type": "string",
      "value": "[variables('functionName')]"
    }
  }
}
