{
  "$schema": "http://schema.management.azure.com/schemas/2014-04-01-preview/deploymentTemplate.json#",
  "contentVersion": "1.0.0.0",
  "parameters": {
    "conventions": {
      "type": "object"
    },
    "serviceTier": {
      "type": "string",
      "defaultValue": "PerGB2018",
      "allowedValues": [
        "Free",
        "Standalone",
        "PerNode",
        "PerGB2018"
      ]
    }
  },
  "variables": {
    "displayName": "[concat(parameters('conventions').baseName, '-logana', '-', parameters('conventions').locationCode, '-dealerintegration')]",
    "workspaceUniqueName": "[concat(parameters('conventions').baseName, '-logana', '-', parameters('conventions').locationCode, '-dealerintegration')]"
  },
  "resources": [
    {
      "type": "Microsoft.OperationalInsights/workspaces",
      "name": "[variables('workspaceUniqueName')]",
      "apiVersion": "[parameters('conventions').apiVersions.logAnalytics.workspaces]",
      "location": "[resourceGroup().location]",
      "tags": {
        "displayName": "[variables('displayName')]",
        "Environment": "[parameters('conventions').environment]"
      },
      "properties": {
        "sku": {
          "name": "[parameters('serviceTier')]"
        }
      }
    }
  ],
  "outputs": {
  }
}
